acopar,atlas,hyperion,ocean,titan,proteus,d3,d4,d5,d9,d12,file,saltdrive,mac,ialog,iajump,o1,o2,o3,o4,o5,o6,o7,o8
tomazc,d3,d4,d5,d9,file
niko,atlas,ocean,titan
thocevar,titan,atlas,d4,d12
bzupan,atlas,file,d4,d12
martins,d4,d5,d12,atlas,ocean
rgomiscek,atlas,ocean
nejc,titan,atlas,ocean,hyperion
jgrabnar,atlas
ppolicar,atlas,proteus,ocean,titan,d4,d5,d12
tsmole,atlas
ajugo,atlas
adolenc,atlas
jsteblaj,atlas
primoz,titan,atlas,ocean,d3,d4,d9,d12,mac,ialog,iajump,o1,o5,o6,o7,o8
mpancur,d3,d9,hyperion,ialog,mac,iajump,o5,o6,o7,o8
mcordioli,titan,atlas,proteus
tomi,titan,atlas
jkernc,proteus
apretnar,proteus,titan
aarmacki,atlas
